{
    "mae": 53437.27086606446,
    "rmse": 74661.01403801827,
    "r2": 0.5746162373926889
}