{
    "mae": 48572.07160220076,
    "rmse": 66645.4869148304,
    "r2": 0.675205688640977
}