{
    "OLS": [
        0.15689787122893217,
        0.6921663140559982,
        0.6865895246807997,
        0.6623025424588581,
        0.6708588067392738
    ],
    "Ridge": [
        0.2089112454580918,
        0.6921475927984291,
        0.6866012802944157,
        0.6624250973262793,
        0.6708034857544161
    ],
    "Lasso": [
        0.15810179654105427,
        0.692166277603462,
        0.6865897857943719,
        0.6623070747191298,
        0.6708591101338541
    ]
}