{
    "OLS": {
        "mean": 0.5737630118327723,
        "std": 0.2087067566234898
    },
    "Ridge": {
        "mean": 0.5841777403263264,
        "std": 0.18793598984844995
    },
    "Lasso": {
        "mean": 0.5740048089583745,
        "std": 0.20822625733273947
    }
}